{
    "bpm": 60.09265988372093,
    "beats": [
        0.11609977324263039,
        1.1145578231292517,
        2.1130158730158732,
        3.1579138321995464,
        4.2260317460317465,
        5.2477097505668935,
        6.2693877551020405,
        7.198185941043084,
        8.126984126984127,
        9.102222222222222,
        10.100680272108843,
        11.122358276643991,
        12.097596371882085,
        13.096054421768708,
        14.094512471655328,
        15.116190476190477,
        16.114648526077097,
        17.11310657596372,
        18.11156462585034,
        19.11002267573696,
        20.108480725623583,
        21.106938775510205,
        22.105396825396827,
        23.103854875283446,
        24.102312925170068,
        25.10077097505669,
        26.09922902494331,
        27.09768707482993,
        28.096145124716553,
        29.094603174603176,
        30.116281179138323,
        31.114739229024945,
        32.113197278911564,
        33.111655328798186,
        34.11011337868481,
        35.10857142857143,
        36.10702947845805,
        37.10548752834467,
        38.10394557823129,
        39.10240362811791,
        40.100861678004534,
        41.09931972789116,
        42.09777777777778,
        43.0962358276644,
        44.09469387755102,
        45.11637188208617,
        46.11482993197279,
        47.11328798185941,
        48.11174603174603,
        49.11020408163265,
        50.108662131519274,
        51.1071201814059,
        52.10557823129252,
        53.10403628117914,
        54.102494331065756,
        55.10095238095238,
        56.099410430839,
        57.09786848072562,
        58.096326530612245,
        59.09478458049887,
        60.116462585034014,
        61.11492063492064,
        62.11337868480726,
        63.135056689342406,
        64.1102947845805,
        65.10875283446713,
        66.08399092970521,
        67.10566893424036,
        68.10412698412698,
        69.1025850340136,
        70.10104308390022,
        71.09950113378684,
        72.09795918367347,
        73.09641723356009,
        74.09487528344671,
        75.11655328798186,
        76.11501133786848,
        77.1134693877551,
        78.11192743764173,
        79.11038548752835,
        80.10884353741497,
        81.10730158730159,
        82.10575963718821,
        83.10421768707484,
        84.10267573696144,
        85.10113378684807
    ],
    "energy": [
        0.04846658557653427,
        0.08339696377515793,
        0.06759307533502579,
        0.09589270502328873,
        0.08499377965927124,
        0.08673979341983795,
        0.09070824086666107,
        0.10039988905191422,
        0.09707874804735184,
        0.0999753400683403,
        0.09948249906301498,
        0.11128775775432587,
        0.09260997176170349,
        0.08699537813663483,
        0.1037026196718216,
        0.10037292540073395,
        0.21457691490650177,
        0.1803240031003952,
        0.237928569316864,
        0.18016783893108368,
        0.21820685267448425,
        0.2034510225057602,
        0.19139978289604187,
        0.1614174097776413,
        0.17730411887168884,
        0.13059933483600616,
        0.13484308123588562,
        0.12254586070775986,
        0.1285749226808548,
        0.11239054799079895,
        0.13057731091976166,
        0.12785732746124268,
        0.12297702580690384,
        0.13119761645793915,
        0.12762165069580078,
        0.12626667320728302,
        0.12358861416578293,
        0.14177292585372925,
        0.12359531223773956,
        0.12535814940929413,
        0.12947793304920197,
        0.12932799756526947,
        0.11586344242095947,
        0.13592827320098877,
        0.13073936104774475,
        0.13597027957439423,
        0.14343978464603424,
        0.1318036913871765,
        0.13789187371730804,
        0.13597334921360016,
        0.13517974317073822,
        0.12219057232141495,
        0.12280958890914917,
        0.12351304292678833,
        0.13283811509609222,
        0.11700838804244995,
        0.11079183220863342,
        0.12536635994911194,
        0.1421913355588913,
        0.07765527069568634,
        0.09513227641582489,
        0.10349742323160172,
        0.10450777411460876,
        0.11322817206382751,
        0.09651979804039001,
        0.09128579497337341,
        0.09735232591629028,
        0.11020410060882568,
        0.1973676085472107,
        0.17703305184841156,
        0.226974219083786,
        0.18498611450195312,
        0.20474378764629364,
        0.19441477954387665,
        0.20165933668613434,
        0.16879330575466156,
        0.171041801571846,
        0.15821504592895508,
        0.15929338335990906,
        0.14127451181411743,
        0.13378919661045074,
        0.12198875844478607,
        0.11485712230205536,
        0.10191357135772705,
        0.07963766157627106,
        0.04567013308405876
    ],
    "targets": [
        "Center",
        "Up",
        "Down",
        "Up",
        "Down",
        "Down",
        "Left",
        "Right",
        "Left",
        "Right",
        "Left",
        "Right",
        "Left",
        "Down",
        "Right",
        "Left",
        "Center",
        "Right",
        "Up",
        "Left",
        "Up",
        "Up",
        "Up",
        "Right",
        "Left",
        "Right",
        "Left",
        "Right",
        "Left",
        "Right",
        "Left",
        "Right",
        "Center",
        "Left",
        "Right",
        "Left",
        "Right",
        "Left",
        "Right",
        "Left",
        "Right",
        "Left",
        "Right",
        "Left",
        "Right",
        "Left",
        "Right",
        "Left",
        "Center",
        "Right",
        "Left",
        "Right",
        "Left",
        "Right",
        "Left",
        "Right",
        "Left",
        "Right",
        "Left",
        "Down",
        "Right",
        "Left",
        "Right",
        "Left",
        "Center",
        "Right",
        "Left",
        "Right",
        "Up",
        "Left",
        "Up",
        "Right",
        "Up",
        "Up",
        "Up",
        "Left",
        "Right",
        "Left",
        "Right",
        "Left",
        "Center",
        "Right",
        "Left",
        "Right",
        "Down",
        "Down"
    ],
    "holds": [
        {
            "start": 16.068208616780044,
            "end": 21.91963718820862
        },
        {
            "start": 21.966077097505668,
            "end": 23.42893424036281
        },
        {
            "start": 23.475374149659864,
            "end": 24.845351473922904
        },
        {
            "start": 68.05768707482993,
            "end": 73.9091156462585
        },
        {
            "start": 73.95555555555555,
            "end": 76.41687074829932
        },
        {
            "start": 76.46331065759637,
            "end": 79.11038548752835
        }
    ]
}