{
    "bpm": 172.265625,
    "beats": [
        0.7662585034013606,
        1.1145578231292517,
        1.4628571428571429,
        1.811156462585034,
        2.159455782312925,
        2.507755102040816,
        2.8560544217687074,
        3.2043537414965986,
        3.5526530612244898,
        3.900952380952381,
        4.249251700680272,
        4.574331065759637,
        4.922630385487528,
        5.270929705215419,
        5.61922902494331,
        5.9675283446712015,
        6.315827664399093,
        6.664126984126984,
        7.012426303854875,
        7.360725623582766,
        7.7090249433106575,
        8.057324263038549,
        8.40562358276644,
        8.753922902494331,
        9.102222222222222,
        9.450521541950113,
        9.798820861678005,
        10.12390022675737,
        10.495419501133787,
        10.820498866213152,
        11.168798185941043,
        11.517097505668934,
        11.865396825396825,
        12.213696145124716,
        12.561995464852608,
        12.910294784580499,
        13.25859410430839,
        13.606893424036281,
        13.955192743764172,
        14.303492063492063,
        14.651791383219955,
        15.000090702947846,
        15.348390022675737,
        15.696689342403628,
        16.021768707482995,
        16.370068027210884,
        16.718367346938777,
        17.066666666666666,
        17.41496598639456,
        17.76326530612245,
        18.11156462585034,
        18.45986394557823,
        18.808163265306124,
        19.156462585034014,
        19.504761904761907,
        19.853061224489796,
        20.201360544217685,
        20.54965986394558,
        20.897959183673468,
        21.223038548752836,
        21.571337868480725,
        21.91963718820862,
        22.267936507936508,
        22.6162358276644,
        22.96453514739229,
        23.312834467120183,
        23.661133786848072,
        24.009433106575965,
        24.357732426303855,
        24.706031746031748,
        25.054331065759637,
        25.402630385487527,
        25.75092970521542,
        26.09922902494331,
        26.447528344671202,
        26.79582766439909,
        27.144126984126984,
        27.46920634920635,
        27.817505668934242,
        28.16580498866213,
        28.514104308390024,
        28.862403628117914,
        29.210702947845807,
        29.559002267573696,
        29.90730158730159,
        30.25560090702948,
        30.603900226757368,
        30.95219954648526,
        31.30049886621315,
        31.648798185941043,
        31.997097505668933,
        32.345396825396826,
        32.670476190476194,
        33.01877551020408,
        33.36707482993197,
        33.715374149659866,
        34.06367346938776,
        34.411972789115644,
        34.76027210884354,
        35.10857142857143,
        35.456870748299316,
        35.80517006802721,
        36.1534693877551,
        36.501768707482995,
        36.85006802721088,
        37.198367346938774,
        37.54666666666667,
        37.871746031746035,
        38.22004535147392,
        38.568344671201814,
        38.91664399092971,
        39.2649433106576,
        39.613242630385486,
        39.96154195011338,
        40.30984126984127,
        40.658140589569165,
        41.00643990929705,
        41.35473922902494,
        41.703038548752836,
        42.05133786848072,
        42.399637188208615,
        42.74793650793651,
        43.0962358276644,
        43.44453514739229,
        43.769614512471655,
        44.11791383219955,
        44.46621315192744,
        44.81451247165533,
        45.16281179138322,
        45.51111111111111,
        45.859410430839006,
        46.20770975056689,
        46.556009070294785,
        46.90430839002268,
        47.25260770975056,
        47.600907029478456,
        47.94920634920635,
        48.29750566893424,
        48.64580498866213,
        48.970884353741496,
        49.31918367346939,
        49.66748299319728,
        50.01578231292517,
        50.36408163265306,
        50.712380952380954,
        51.06068027210885,
        51.40897959183673,
        51.757278911564626,
        52.10557823129252,
        52.453877551020405,
        52.8021768707483,
        53.15047619047619,
        53.498775510204084,
        53.84707482993197,
        54.19537414965986,
        54.52045351473923,
        54.868752834467124,
        55.21705215419501,
        55.5653514739229,
        55.913650793650795,
        56.26195011337869,
        56.610249433106574,
        56.95854875283447,
        57.30684807256236,
        57.655147392290246,
        58.00344671201814,
        58.35174603174603,
        58.700045351473925,
        59.04834467120181,
        59.396643990929704,
        59.7449433106576,
        60.09324263038549,
        60.441541950113375,
        60.78984126984127,
        61.13814058956916,
        61.46321995464853,
        61.811519274376415,
        62.15981859410431,
        62.5081179138322,
        62.85641723356009,
        63.20471655328798,
        63.55301587301587,
        63.901315192743766,
        64.24961451247165,
        64.59791383219955,
        64.94621315192744,
        65.29451247165532,
        65.64281179138322,
        65.96789115646258,
        66.31619047619047,
        66.6877097505669,
        67.01278911564626,
        67.36108843537414,
        67.70938775510204,
        68.05768707482993,
        68.40598639455783,
        68.75428571428571,
        69.1025850340136,
        69.4508843537415,
        69.79918367346939,
        70.14748299319727,
        70.49578231292517,
        70.84408163265306,
        71.16916099773243,
        71.51746031746032,
        71.8657596371882,
        72.2140589569161,
        72.56235827664399,
        72.91065759637188,
        73.25895691609978,
        73.60725623582766,
        73.95555555555555,
        74.30385487528345,
        74.65215419501133,
        75.00045351473923,
        75.34875283446712,
        75.697052154195,
        76.0453514739229,
        76.39365079365079,
        76.74195011337868,
        77.06702947845805,
        77.41532879818594,
        77.76362811791383,
        78.11192743764173,
        78.46022675736961,
        78.80852607709751,
        79.1568253968254,
        79.50512471655328,
        79.85342403628118,
        80.20172335600907,
        80.55002267573695,
        80.89832199546485,
        81.24662131519274,
        81.59492063492064,
        81.94321995464853,
        82.29151927437641,
        82.63981859410431,
        82.9881179138322,
        83.31319727891156,
        83.66149659863946,
        84.00979591836735,
        84.35809523809523,
        84.70639455782313,
        85.05469387755102,
        85.40299319727892,
        85.7512925170068,
        86.09959183673469,
        86.44789115646259,
        86.79619047619047,
        87.14448979591836,
        87.49278911564626,
        87.84108843537415,
        88.16616780045351,
        88.51446712018141,
        88.8627664399093,
        89.2110657596372,
        89.55936507936508,
        89.90766439909297,
        90.25596371882087,
        90.60426303854875,
        90.95256235827664,
        91.27764172335601,
        91.64916099773242,
        91.99746031746032,
        92.32253968253968,
        92.67083900226757,
        93.01913832199547,
        93.36743764172336,
        93.71573696145124,
        94.06403628117914,
        94.41233560090703,
        94.76063492063491,
        95.10893424036281,
        95.4572335600907
    ],